Job Seeker ID,Surname,Given Name,Date of Birth,Next Provider Appointment,Allowance Type,Job Plan Status,Job Plan Date,Contact Number,Job Seeker Tags,Age,Client Group,Client Note,Commencement Date,Contract Type,Early School Leaver,Exit Date,Group By,Job Search,Managed By,NEIS Referred,Outcome,Period Of Service (weeks),Phase,Placement Status,Postcode,Priority,Referral Date,Seasonal Work Eligibility,Specialist Type,Stream,Subcontractor,Suburb,Suspension Reason,Time in Program (weeks),Time with Provider (weeks),Time with Site (weeks),Outstanding non-compliance event,Demerit/ Penalty Count
60210,YEADON,ELIE,21/04/2000,,Youth Allowance,Approved,22/11/2019,491555555,,19,No Client Group,noLic/Wk wworth,5/07/2018,jobactive,,21/10/2019,,20,(JD3304),,Job seeker opt into Digital Services,0,Work for the Dole,Transferred,4870,0,3/07/2018,,All Client Types,Stream A,0,WESTCOURT,,71,0,66,,
126480,ECONOMOPOULOS,RYHS,16/10/1958,,Newstart Allowance,Approved,9/08/2019,491555555,,61,No Client Group,,,jobactive,,,,8,"Branigan, Emma (EB2957)",,,0,Case Management,Pending,4870,0,10/07/2018,,All Client Types,Stream B,0,CAIRNS,,57,60,59,,
133620,STROOBAND,BERNITA,15/03/2000,,,Approved,20/06/2019,491555555,,19,ATSI,,20/06/2019,jobactive,,,,0,(DBXSFP74),,,0,Case Management,Commenced,4870,0,4/06/2019,,All Client Types,Stream B,0,CAIRNS,,23,23,21,,
420120,VELAGIC,RISA,15/09/2001,,Youth Allowance,No Job Plan,,491555555,,18,No Client Group,,,jobactive,Yes,,,0,(DBXSFP74),,,0,Case Management,Pending,4868,0,8/08/2019,,All Client Types,Stream B,0,BAYVIEW HEIGHTS,,16,16,0,,
482320,FAULKES,MOHSEN,11/06/1996,,Newstart Allowance,Approved,9/05/2019,491555555,,23,No Client Group,FoodServiceHosp,13/08/2018,jobactive,,,,15,(JD3304),,,0,Case Management,Commenced,4869,0,10/08/2018,,All Client Types,Stream A,0,BENTLEY PARK,,53,53,53,,
551620,JILBERT,PRECIOSA,22/01/1971,,Parenting Payment Single,Approved,25/02/2019,491555555,,49,Principal Carer Parent,(O)CHILDCARE,16/11/2018,jobactive,,,,5,(XJKQTP93),,,0,Case Management,Commenced,4870,0,20/08/2018,,All Client Types,Stream B,0,CAIRNS NORTH,,60,62,58,,
584070,REHWINKEL,KRUME,11/04/1997,,Newstart Allowance,Approved,11/07/2019,491555555,,22,No Client Group,Amber no DL,23/08/2018,jobactive,,,,12,(XPZSWK36),,,0,Work for the Dole,Commenced,4868,0,22/08/2018,,All Client Types,Stream A,0,BAYVIEW HEIGHTS,,66,66,66,,
667330,PICCIOLI,NEVILLE,7/06/1975,,Parenting Payment Single,Approved,23/08/2019,491555555,,44,Principal Carer Parent,,29/03/2019,jobactive,,,,0,(TT3371),,,0,Case Management,Commenced,4868,0,26/03/2019,,All Client Types,Stream B,0,WOREE,,23,35,34,,
686440,BECK,HAM,11/01/2001,,Youth Allowance,Approved,24/07/2019,491555555,,19,No Client Group,,24/07/2019,jobactive,Yes,,,0,(DBXSFP74),,,0,Work for the Dole,Commenced,4869,0,10/06/2019,,All Client Types,Stream B,0,EDMONTON,,24,24,18,,
699140,GRINDLEY,NEERAJ,18/07/1986,,Parenting Payment Single,Approved,1/04/2019,491555555,,33,Principal Carer Parent,,,jobactive,,,,0,(KL2610),,,0,Case Management,Suspended,4869,0,25/03/2019,,All Client Types,Stream B,0,BENTLEY PARK,Job Seeker Full Time Student,0,35,0,,
733050,MACMILLAN,ROGERS,8/01/2001,,Youth Allowance,No Job Plan,,491555555,,19,No Client Group,,,jobactive,Yes,,,0,(DBXSFP74),,,0,Work for the Dole,Pending,4870,0,13/08/2019,,All Client Types,Stream B,0,CAIRNS,,15,15,0,,
866080,MENYWEATHER,ZHIHAO,1/02/1984,,Newstart Allowance,Approved,1/07/2019,491555555,,35,No Client Group,Amb Lab,2/10/2018,jobactive,,,,12,(XPZSWK36),,,0,Case Management,Commenced,4870,0,28/09/2018,,All Client Types,Stream A,0,MANUNDA,,54,54,54,,
902850,KUZMAN,JANG,20/08/2002,,Youth Allowance,Approved,21/03/2019,491555555,,17,ATSI,(G) Hair Appren,21/03/2019,jobactive,Yes,11/11/2019,,0,(DBXSFP74),,Client overseas,0,,Exited,5000,0,30/01/2019,,All Client Types,Stream B,0,ADELAIDE,,0,0,0,,
940900,NAGINA,DANI,4/11/1999,,Youth Allowance,Pending,,491555555,,20,No Client Group,Red noDL,11/10/2018,jobactive,,,,0,(XPZSWK36),,,0,Case Management,Commenced,4869,0,9/10/2018,,All Client Types,Stream A,0,EDMONTON,,59,59,59,,
991170,ARISOY,ASIMINA,31/10/1983,,Newstart Allowance,Approved,1/03/2019,491555555,,36,No Client Group,,1/03/2019,jobactive,,,,1,(JD3304),,,0,Case Management,Commenced,4870,0,26/02/2019,,All Client Types,Stream A,0,EARLVILLE,,39,39,39,,
1107790,MCMEEKAN,SALLEE,11/05/1995,,Parenting Payment Single,Approved,12/07/2019,491555555,,24,ATSI Principal Carer Parent,,14/03/2019,jobactive,,,,10,(DBXSFP74),,,0,Case Management,Commenced,4870,0,8/03/2019,,All Client Types,Stream B,0,MANOORA,,38,38,37,,
1115330,KAILA,ANNALIZA,2/04/1963,,Newstart Allowance,Pending,,******,,56,No Client Group,,5/11/2018,jobactive,,,,0,(JD3304),,,0,Self Service and Job Activity,Commenced,4868,0,1/11/2018,,All Client Types,Stream A,0,WOREE,,38,56,55,,
1115810,RENAUD,SHAHRAM,28/12/1961,,Newstart Allowance,Approved,23/07/2019,******,,58,No Client Group,Management,5/11/2018,jobactive,,,,5,(JD3304),,,0,Case Management,Commenced,4868,0,1/11/2018,,All Client Types,Stream A,0,WOREE,,56,56,55,,
1139180,BLANDTHORN,SIAVASH,31/03/1978,,Newstart Allowance,Approved,16/08/2019,491555555,,41,No Client Group,,,jobactive,,,,0,(BO2626),,,0,Self Service and Job Activity,Pending,4870,0,17/01/2019,,All Client Types,Stream C,0,MOOROOBOOL,,43,45,15,,
1219530,VANNI,JEFFERSON,23/07/2000,,Youth Allowance,Approved,6/08/2019,491555555,,19,No Client Group,Lab. WC learner,29/11/2018,jobactive,,,learners licens,10,(JD3304),,,0,Case Management,Commenced,4868,0,27/11/2018,,All Client Types,Stream A,0,MOUNT SHERIDAN,,54,52,52,,
1228600,SELMES,LAUREL,7/11/1959,,Newstart Allowance,Approved,13/03/2019,491555555,,60,No Client Group,,,jobactive,,,,0,(KL2610),,,0,Case Management,Suspended,4869,0,13/11/2018,,All Client Types,Stream B,0,EDMONTON,Temporary Reduced Work Capacity,14,54,54,,
1230320,CODOGNOTTO,PEGGIE,11/07/1967,,Newstart Allowance,Approved,13/08/2019,491555555,,52,Principal Carer Parent,,19/11/2018,jobactive,,,,0,(XPZSWK36),,,0,Self Service and Job Activity,Suspended,4869,0,13/11/2018,,All Client Types,Stream A,0,EDMONTON,Job Seeker Undertaking Part Time Work,15,54,53,,
1236520,MUCHAMORE,NANDINI,20/07/1959,,Newstart Allowance,Pending,,491555555,,60,No Client Group,,,jobactive,,,,0,(KL2610),,,0,Case Management,Suspended,4868,0,14/11/2018,,All Client Types,Stream B,0,MOUNT SHERIDAN,Job Seeker Undertaking Part Time Work,29,54,54,,
1238600,BADARI,JANELLE,26/11/1998,,Carer Payment,Approved,12/08/2019,491555555,,21,No Client Group,,,jobactive,,,,20,(BO2626),,,0,Self Service and Job Activity,Pending,4870,0,6/08/2019,,All Client Types,Stream A Volunteer,0,BUNGALOW,,16,16,13,,
1254300,BAZZANO,ANNA,14/11/2002,,Youth Allowance,Approved,29/08/2019,491555555,,17,ATSI,,29/08/2019,jobactive,,,,14,(DBXSFP74),,,0,Case Management,Commenced,4870,0,11/12/2018,,All Client Types,Stream C,0,EARLVILLE,,50,50,46,,
1260140,VANDERKLEY,ANETTE,13/09/2000,,Youth Allowance,Approved,15/05/2019,491555555,,19,No Client Group,,12/12/2018,jobactive,Yes,,,0,(DBXSFP74),,,0,Case Management,Commenced,4869,0,28/11/2018,,All Client Types,Stream C,0,EDMONTON,,52,52,50,,
1261060,DOEDEE,EPIFANIA,23/09/2001,,Youth Allowance,Approved,30/08/2019,491555555,,18,ATSI,,28/08/2019,jobactive,,,,20,(DBXSFP74),,,0,Work for the Dole,Commenced,4868,0,6/08/2019,,All Client Types,Stream B,0,WOREE,,16,16,13,,
1262630,NOKE,SHAFI,1/01/2001,,Youth Allowance,No Job Plan,,491555555,,19,ATSI,,,jobactive,,,,0,(DBXSFP74),,,0,Work for the Dole,Pending,4869,0,16/08/2019,,All Client Types,Stream B,0,BENTLEY PARK,,15,15,0,,
1277470,CAROLAN,SWETHA,28/11/2001,,Youth Allowance,Approved,1/07/2019,491555555,,18,No Client Group,,23/11/2018,jobactive,,,,15,(DBXSFP74),,,0,Case Management,Commenced,4869,0,19/11/2018,,All Client Types,Stream B,0,EDMONTON,,53,53,53,,
1282910,BITAR,DERINDA,17/02/1992,,Newstart Allowance,Approved,13/08/2019,491555555,,27,ATSI,CustServAdmin,30/11/2018,jobactive,,,,15,(JD3304),,,0,Case Management,Commenced,4868,0,28/11/2018,,All Client Types,Stream A,0,WHITE ROCK,,52,52,52,,
1317740,HUTCHENCE,MYKAL,18/01/2000,,Youth Allowance,Approved,17/05/2019,491555555,,20,ATSI,,,jobactive,,,,10,(DBXSFP74),,,0,Case Management,Suspended,4869,0,22/11/2018,,All Client Types,Stream not determined,0,EDMONTON,Major Personal Crisis Exemption,28,41,14,,
1352190,MAURER,GWENDOLYN,26/05/1999,,Parenting Payment Single,Approved,1/07/2019,491555555,,20,Principal Carer Parent,cleaner - HK,25/03/2019,jobactive,,,,3,(XJFZTC64),,,0,Case Management,Commenced,4870,0,21/03/2019,,All Client Types,Stream B,0,MANOORA,,36,36,35,,
1405180,RAJAPAKSHE,AYANTU,15/12/2001,,Youth Allowance,Approved,26/08/2019,491555555,,18,No Client Group,,5/06/2019,jobactive,Yes,,,20,(DBXSFP74),,,0,Case Management,Commenced,4870,0,17/02/2019,,All Client Types,Stream B,0,KANIMBLA,,40,40,25,,
1505460,BRIODY,HISHAM,31/07/2001,,Youth Allowance,Approved,28/05/2019,,,18,ATSI,,28/05/2019,jobactive,Yes,,,20,(DBXSFP74),,,0,Case Management,Commenced,4870,0,27/05/2019,,All Client Types,Stream B,0,MANUNDA,,26,26,26,,
1514190,LATTO,NIMA,11/05/1997,,Newstart Allowance,Approved,11/02/2019,491555555,,22,No Client Group,,14/12/2018,jobactive,,,,1,(CW2761),,,0,Case Management,Commenced,4868,0,12/12/2018,,All Client Types,Stream B,0,BAYVIEW HEIGHTS,,48,50,50,,
1538600,KEON,BINA,2/11/2000,,Youth Allowance,Approved,21/06/2019,491555555,,19,No Client Group,Study Childcare,17/12/2018,jobactive,,,,8,(XPZSWK36),,,0,Case Management,Commenced,4870,0,14/12/2018,,All Client Types,Stream A,0,KANIMBLA,,40,40,39,,
1680700,TILLETT,KARIM,25/06/1978,,Newstart Allowance,Approved,2/01/2019,******,,41,No Client Group,Tafe SEE,2/01/2019,jobactive,,,,5,(JD3304),,,0,Case Management,Commenced,4870,0,20/12/2018,,All Client Types,Stream A,0,EARLVILLE,,49,49,47,,
1688360,BRAUNBERGER,MIKEAL,5/05/2001,,Youth Allowance,Approved,9/08/2019,491555555,,18,No Client Group,,8/08/2019,jobactive,,,,8,(CW2761),,,0,Case Management,Commenced,4870,0,8/08/2019,,All Client Types,Stream A,0,MANOORA,,45,45,16,,
1742280,MURIC,FAIMAFILI,10/09/1966,,ABSTUDY - Secondary/Tertiary,Approved,27/08/2019,491555555,,53,ATSI Principal Carer Parent,,27/08/2019,jobactive,,,,15,(BO2626),,,0,Self Service and Job Activity,Commenced,4870,0,20/08/2019,,All Client Types,Stream A Volunteer,0,WESTCOURT,,14,14,13,,
1752650,DEDE,ADRINA,27/10/1988,,Parenting Payment Single,Approved,7/06/2019,491555555,,31,Principal Carer Parent,G ADMIN L C,13/03/2019,jobactive,,,,12,(BFTDCM93),,,0,Case Management,Commenced,2612,0,11/03/2019,,All Client Types,Stream B,0,BRADDON,,31,37,37,,
1763760,BRAUN,BASANTA,25/05/2001,,Youth Allowance,Approved,27/07/2019,491555555,,18,No Client Group,GRN DL Anything,21/03/2019,jobactive,,,,5,(XPZSWK36),,,0,Case Management,Commenced,4865,0,7/03/2019,,All Client Types,Stream A,0,GORDONVALE,,45,38,36,,
1826480,KENSELL,DOINA,21/06/1997,,Newstart Allowance,Approved,19/06/2019,491555555,,22,No Client Group,,19/06/2019,jobactive,,,,12,(XPZSWK36),,,0,Case Management,Suspended,4870,0,4/06/2019,,All Client Types,Stream A,0,PARRAMATTA PARK,Temporary Medical Incapacity Exemption,30,29,23,,
1826790,TOWNER,AWIL,8/03/2002,,,Approved,24/07/2019,491555555,,17,No Client Group,,24/07/2019,jobactive,,,,20,(BO2626),,,0,Self Service and Job Activity,Commenced,4869,0,18/07/2019,,All Client Types,Stream A,0,EDMONTON,,19,19,18,,
1834170,ZURCAS,THI-DUNG,3/04/1996,,Newstart Allowance,Approved,12/04/2019,491555555,,23,No Client Group,RetCustServ,12/04/2019,jobactive,,,,20,(XPZSWK36),,,0,Case Management,Commenced,4868,0,14/01/2019,,All Client Types,Stream A,0,WOREE,,45,45,33,,
1851520,GALLARD,JI HYE,10/10/2000,,Youth Allowance,Approved,26/07/2019,491555555,,19,No Client Group,Grn wrk kitchen,16/01/2019,jobactive,,,,10,(XPZSWK36),,,0,Case Management,Commenced,4870,0,14/01/2019,,All Client Types,Stream A,0,MOOROOBOOL,,45,45,45,,
1871070,YAGHOUBPOUR,IOANIS,27/04/2001,,Youth Allowance,No Job Plan,,491555555,,18,No Client Group,,,jobactive,Yes,,,0,(DBXSFP74),,,0,Work for the Dole,Pending,4868,0,6/08/2019,,All Client Types,Stream B,0,MOUNT SHERIDAN,,16,16,0,,
1876690,YUKSEL,JAKOV,21/03/2000,,Youth Allowance,No Job Plan,,491555555,,19,ATSI,,,jobactive,Yes,,,0,(DBXSFP74),,,0,Case Management,Pending,4870,0,16/08/2019,,All Client Types,Stream B,0,MOOROOBOOL,,15,15,0,,
1877600,ZENGIN,HANNO,24/09/2001,,Youth Allowance,No Job Plan,,491555555,,18,No Client Group,,30/07/2019,jobactive,,,,20,(XPZSWK36),,,0,Case Management,Commenced,4865,0,22/07/2019,,All Client Types,Stream A,0,GORDONVALE,,45,45,25,,
1906480,BIONDI,HOWELL,23/04/1997,,Carer Payment,Approved,29/07/2019,491555555,,22,No Client Group,,,jobactive,,,Rendering,12,(JD3304),,,0,Self Service and Job Activity,Pending,4868,0,4/02/2019,,All Client Types,Stream A Volunteer,0,WHITE ROCK,Break in Service,42,42,40,,
1909930,POLIMOS,CARLISLE,22/08/1976,,Carer Payment,Approved,22/08/2019,491555555,,43,No Client Group,,,jobactive,,,,5,(XPZSWK36),,,0,Self Service and Job Activity,Pending,4870,0,21/01/2019,,All Client Types,Stream A Volunteer,0,MANUNDA,Break in Service,44,44,41,,
1941960,QUINLIVIAN,LOCH,4/06/1971,,Newstart Allowance,Pending,,491555555,,48,No Client Group,,,jobactive,,,,0,(WLJRND85),,,0,Self Service and Job Activity,Suspended,4868,0,10/04/2019,,All Client Types,Stream A,0,WHITE ROCK,Caring Responsibilities Exemption,26,33,0,,
1945640,STANSHALL,HEYDAR,26/12/1962,,Newstart Allowance,Approved,8/07/2019,491555555,,57,No Client Group,,24/01/2019,jobactive,,,,5,(XPZSWK36),,,0,Self Service and Job Activity,Commenced,4869,0,23/01/2019,,All Client Types,Stream A,0,EDMONTON,,33,34,33,,
1946570,OPITZ,HARMON,17/10/2000,,Youth Allowance,Approved,1/04/2019,491555555,,19,No Client Group,amb wrk hospit,24/01/2019,jobactive,,,,10,(XPZSWK36),,,0,Case Management,Commenced,4868,0,23/01/2019,,All Client Types,Stream A,0,WOREE,,44,44,44,,
1971640,FERRERA,DUILIO,30/12/1999,,Youth Allowance,Approved,5/07/2019,491555555,,20,No Client Group,Ls Grn,25/01/2019,jobactive,,,,12,(XPZSWK36),,,0,Case Management,Commenced,4870,0,25/01/2019,,All Client Types,Stream A,0,MOOROOBOOL,,44,44,44,,
1974430,SCHEEL,JHI,29/08/2000,,Youth Allowance,Approved,28/08/2019,491555555,,19,No Client Group,amb anything,31/01/2019,jobactive,,,,12,(XPZSWK36),,,0,Case Management,Commenced,4868,0,29/01/2019,,All Client Types,Stream A,0,MOUNT SHERIDAN,,43,43,43,,
1995380,IEREMIA,REHMAN,31/12/1978,,Newstart Allowance,Approved,30/08/2019,491555555,,41,Principal Carer Parent,,30/08/2019,jobactive,,,,1,(XJKQTP93),,,0,Case Management,Commenced,4870,0,18/04/2019,,All Client Types,Stream C,0,MOOROOBOOL,,26,32,13,,
1995410,ZACCHIGNA,LEIANA,21/06/2002,,Youth Allowance,Approved,19/08/2019,491555555,,17,ATSI,,18/07/2019,jobactive,Yes,,,15,(DBXSFP74),,,0,Case Management,Commenced,4869,0,3/07/2019,,All Client Types,Stream B,0,EDMONTON,,21,21,19,,
2006950,YOUDAN,YUJI,3/03/2001,,Youth Allowance,Approved,18/07/2019,491555555,,18,No Client Group,,18/04/2019,jobactive,,,,15,(DBXSFP74),,,0,Case Management,Commenced,4869,0,30/01/2019,,All Client Types,Stream B,0,EDMONTON,,42,42,42,,
2032680,CABAN,YAIR,25/12/2000,,Youth Allowance,Approved,5/08/2019,491555555,,19,No Client Group,"No DL, Apr carp",5/02/2019,jobactive,,,,12,(JD3304),,,0,Case Management,Commenced,4870,0,4/02/2019,,All Client Types,Stream A,0,EDGE HILL,,38,38,38,,
2035070,PELIZZARI,TINASHE,12/05/2000,,Youth Allowance,Approved,25/07/2019,491555555,,19,ATSI,,5/02/2019,jobactive,Yes,,,8,(DBXSFP74),,,0,Case Management,Commenced,4868,0,2/02/2019,,All Client Types,Stream B,0,WOREE,,42,42,42,,
2046040,FLORENCA,YA QIN,25/07/1995,,Newstart Allowance,Pending,,491555555,,24,No Client Group,,7/02/2019,jobactive,,,,20,(JD3304),,,0,Self Service and Job Activity,Commenced,4869,0,4/02/2019,,All Client Types,Stream A,0,EDMONTON,,37,42,42,,
2119970,PASTROVIC,SEREY,19/08/2001,,Youth Allowance,Approved,30/07/2019,491555555,,18,No Client Group,,16/07/2019,jobactive,,,,8,(CW2761),,,0,Case Management,Commenced,4868,0,15/07/2019,,All Client Types,Stream A,0,BAYVIEW HEIGHTS,,40,19,19,,
2127310,SANSOUR,EFSTATHIA,26/07/1961,,Newstart Allowance,Approved,15/08/2019,491555555,,58,No Client Group,,31/07/2019,jobactive,,,,15,(JD3304),,,0,Case Management,Commenced,4869,0,15/07/2019,,All Client Types,Stream A,0,BENTLEY PARK,,41,41,17,,
2187140,SWIRSKI,FELECIA,10/06/1980,,Newstart Allowance,Approved,23/04/2019,491555555,,39,No Client Group,SUs13.8.19,23/04/2019,jobactive,,,,8,(BO2626),,,0,Self Service and Job Activity,Suspended,4869,0,16/04/2019,,All Client Types,Stream A,0,BENTLEY PARK,Temporary Medical Incapacity Exemption,8,32,31,,
2188140,KOSTANTINIDIS,MATILDE,8/03/1959,,Newstart Allowance,Approved,22/05/2019,491555555,,60,No Client Group,sus May2020,22/02/2019,jobactive,,,wk polic ADM,0,(XPZSWK36),,,0,Self Service and Job Activity,Suspended,4868,0,18/02/2019,,All Client Types,Stream A,0,MOUNT SHERIDAN,Job Seeker Undertaking Part Time Work,13,40,40,,
2190640,BURNETTE,LI MEI,26/09/2001,,Youth Allowance,Approved,12/07/2019,491555555,,18,No Client Group,,27/03/2019,jobactive,,,,10,(TA2830),,,0,Case Management,Commenced,4869,0,14/03/2019,,All Client Types,Stream A,0,BENTLEY PARK,,38,37,35,,
2211940,MOISES,GONZALO,24/08/2000,,Youth Allowance,Approved,6/08/2019,491555555,,19,No Client Group,,6/08/2019,jobactive,Yes,,,20,(DBXSFP74),,,0,Case Management,Commenced,4868,0,29/04/2019,,All Client Types,Stream B,0,WOREE,,25,30,16,,
2220590,JAMSHIDI,DEMIR,30/08/1958,,Newstart Allowance,Approved,2/08/2019,491555555,,61,No Client Group,WRk concreting,25/02/2019,jobactive,,,,5,(XPZSWK36),,,0,Case Management,Commenced,4869,0,20/02/2019,,All Client Types,Stream A,0,EDMONTON,,40,40,39,,
2271680,RATTEY,CHARLENE,30/10/1993,,Newstart Allowance,Approved,28/02/2019,491555555,,26,No Client Group,,28/02/2019,jobactive,,,,12,(JD3304),,,0,Case Management,Commenced,4869,0,26/02/2019,,All Client Types,Stream A,0,EDMONTON,,39,39,39,,
2272460,DAHLGREN,ROBYN,5/05/2000,,Youth Allowance,Approved,5/03/2019,491555555,,19,No Client Group,Amb no DL Study,12/04/2019,jobactive,,,,15,(XPZSWK36),,,0,Case Management,Commenced,4868,0,26/02/2019,,All Client Types,Stream A,0,BAYVIEW HEIGHTS,,38,38,33,,
2291960,MENSAH,LAURREN,9/11/1999,,Youth Allowance,Approved,23/05/2019,491555555,,20,No Client Group,,23/05/2019,jobactive,Yes,,,0,(DBXSFP74),,,0,Case Management,Commenced,4869,0,9/05/2019,,All Client Types,Stream B,0,EDMONTON,,29,29,27,,
2349460,DEMIRBILEK,TUT,7/06/2001,,Youth Allowance,Approved,13/06/2019,491555555,,18,No Client Group,retail,13/06/2019,jobactive,,,,20,(BO2626),,,0,Case Management,Commenced,4870,0,3/06/2019,,All Client Types,Stream A,0,WESTCOURT,,25,25,24,,
2366490,CECCOMANCINI,PEMBE,25/02/1968,,Carer Payment,Approved,8/03/2019,491555555,,51,No Client Group,,,jobactive,,,MYOB,20,(JD3304),,,0,Self Service and Job Activity,Pending,4870,0,8/03/2019,,All Client Types,Stream A Volunteer,0,MANOORA,Break in Service,37,37,36,,
2369080,KARANTONIS,GURDIP,27/03/1956,,Carer Payment,Approved,15/03/2019,70109999,,63,No Client Group,,,jobactive,,,wk polic ADM,1,(BO2626),,,0,Self Service and Job Activity,Pending,4870,0,8/03/2019,,All Client Types,Stream A Volunteer,0,MANUNDA,Break in Service,13,35,33,,
2434050,KAING,KIAH,21/02/1955,,Newstart Allowance,Approved,18/03/2019,491555555,,64,No Client Group,,18/03/2019,jobactive,,,,10,(BO2626),,,0,Self Service and Job Activity,Suspended,4868,0,15/03/2019,,All Client Types,Stream A,0,WHITE ROCK,Temporary Medical Incapacity Exemption,8,37,36,,
2478100,PEARMAN,XIAOTING,10/07/1984,,Parenting Payment Single,Approved,21/03/2019,491555555,,35,Principal Carer Parent,,,jobactive,,,,0,(KL2610),,,0,Case Management,Suspended,4870,0,21/03/2019,,All Client Types,Stream B,0,MOOROOBOOL,Job Seeker Full Time Student,0,36,0,,
2549530,DRENNERT,HASSAN ALI,20/07/1999,,Youth Allowance,Approved,23/08/2019,491555555,,20,No Client Group,,8/05/2019,jobactive,Yes,,,10,(DBXSFP74),,,0,Case Management,Commenced,4868,0,1/04/2019,,All Client Types,Stream B,0,BAYVIEW HEIGHTS,,33,34,34,,
2588310,MIFSUD,SAMMY,5/09/2001,,Youth Allowance,Approved,24/06/2019,491555555,,18,ATSI,,24/06/2019,jobactive,,,,20,(BO2626),,,0,Case Management,Commenced,4870,0,20/05/2019,,All Client Types,Stream A,0,MANOORA,,27,27,22,,
2693809,LAVIDIS,JURO,15/03/1983,,Newstart Allowance,Approved,12/08/2019,491555555,,36,ATSI,,12/08/2019,jobactive,,,,8,(GWZCVP49),,,0,Case Management,Commenced,4870,0,2/08/2019,,All Client Types,Stream B,0,MOOROOBOOL,,17,17,15,,
2721190,GOLDTHORP,TERRELL,5/03/2001,,Youth Allowance,Approved,18/04/2019,491555555,,18,No Client Group,Study No DL Amb,18/04/2019,jobactive,,,,20,(XPZSWK36),,,0,Case Management,Commenced,4870,0,17/04/2019,,All Client Types,Stream A,0,MANUNDA,,32,32,32,,
2881790,SILLICK,CHARLITA,24/07/2000,,Youth Allowance,Pending,,,,19,No Client Group,,13/08/2019,jobactive,,,,18,(DBXSFP74),,,0,Case Management,Commenced,4870,0,29/04/2019,,All Client Types,Stream B,0,MOOROOBOOL,,28,28,28,,
2899940,AKEL,SOU,5/10/2002,,Youth Allowance,Approved,30/05/2019,491555555,,17,ATSI,,30/05/2019,jobactive,Yes,,,20,(DBXSFP74),,,0,Case Management,Commenced,4869,0,28/05/2019,,All Client Types,Stream B,0,EDMONTON,,26,26,26,,
3002980,TEAGLE,MAHBUBUR,12/01/1966,,,Approved,16/05/2019,491555555,,54,No Client Group,,16/05/2019,jobactive,,,,20,(XPZSWK36),,,0,Self Service and Job Activity,Commenced,4869,0,14/05/2019,,All Client Types,Stream A,0,EDMONTON,,28,28,28,,
3031920,POLY,LAURISSA,30/04/1997,,Newstart Allowance,Pending,,******,,22,ATSI,,25/07/2019,jobactive,,,,20,(BO2626),,,0,Case Management,Commenced,4868,0,10/06/2019,,All Client Types,Stream A,0,MOUNT SHERIDAN,,24,24,18,,
3047070,COMAN,ARIYA,1/09/2000,,Youth Allowance,Pending,,491555555,,19,No Client Group,,27/05/2019,jobactive,,,,20,(XPZSWK36),,,0,Case Management,Commenced,4870,0,20/05/2019,,All Client Types,Stream A,0,KANIMBLA,,27,27,26,,
3071560,HOSTETLER,RIVA,28/08/2000,,Youth Allowance,Approved,20/08/2019,491555555,,19,ATSI,,20/08/2019,jobactive,,,,20,(BO2626),,,0,Case Management,Commenced,4870,0,19/08/2019,,All Client Types,Stream A,0,MOOROOBOOL,,14,14,14,,
3106640,CHOU,BERNABE,21/04/1972,,Newstart Allowance,Approved,28/05/2019,491555555,,47,No Client Group,"Dl, QL FLor Lay",28/05/2019,jobactive,,,no car,12,(XPZSWK36),,,0,Self Service and Job Activity,Commenced,4869,0,27/05/2019,,All Client Types,Stream A,0,EDMONTON,,26,26,26,,
3111750,MACLOU,JOCK,15/04/1999,,Youth Allowance,No Job Plan,,491555555,,20,No Client Group,,,jobactive,,,,20,(WLJRND85),,,0,Case Management,Pending,4021,0,20/08/2019,,All Client Types,Stream A,0,KIPPA-RING,,20,14,0,,
3292750,WOLFGANG,VICHAI,25/07/1956,,Newstart Allowance,Approved,10/06/2019,491555555,,63,No Client Group,,10/06/2019,jobactive,,,,8,(BO2626),,,0,Self Service and Job Activity,Suspended,4868,0,6/06/2019,,All Client Types,Stream A,0,MOUNT SHERIDAN,Temporary Medical Incapacity Exemption,21,25,24,,
3296810,PUNTIGAM,FRED,21/03/2001,,Youth Allowance,Approved,21/12/2019,491555555,,18,No Client Group,,12/08/2019,jobactive,Yes,,,8,(DBXSFP74),,,0,Case Management,Commenced,4870,0,8/08/2019,,All Client Types,Stream B,0,WESTCOURT,,16,16,15,,
3352090,QUAI HOI,DARCEY,11/05/2001,,Youth Allowance,Approved,1/07/2019,491555555,,18,ATSI,,1/07/2019,jobactive,,,,10,(BO2626),,,0,Case Management,Commenced,4870,0,19/06/2019,,All Client Types,Stream A,0,BUNGALOW,,20,20,18,,
3353140,KAZMER,CICILIA,1/09/1999,,Youth Allowance,Approved,29/08/2019,******,,20,ATSI,,29/08/2019,jobactive,Yes,,,20,(DBXSFP74),,,0,Case Management,Commenced,4875,0,13/08/2019,,All Client Types,Stream B,0,THURSDAY ISLAND,,15,15,13,,
3506990,OLDLAND,TARALEE,17/02/1996,,,Approved,25/06/2019,491555555,,23,No Client Group,,25/06/2019,jobactive,,,,0,(BO2626),,,0,Self Service and Job Activity,Commenced,4870,0,20/06/2019,,All Client Types,Stream A,0,CAIRNS NORTH,,23,23,22,,
3530360,FIDDY,SUANNE,8/04/2002,,Youth Allowance,Approved,23/08/2019,491555555,,17,ATSI,,23/08/2019,jobactive,Yes,,,20,(DBXSFP74),,,0,Case Management,Commenced,4868,0,20/08/2019,,All Client Types,Stream B,0,MOUNT SHERIDAN,,14,14,14,,
3579300,BERICH,TYESON,3/06/2000,,,Approved,28/06/2019,491555555,,19,No Client Group,,28/06/2019,jobactive,,,,20,(BO2626),,,0,Self Service and Job Activity,Commenced,4869,0,27/06/2019,,All Client Types,Stream A,0,EDMONTON,,22,22,22,,
3676380,EASTGATE,ROSELENE,17/08/1968,,,Approved,12/07/2019,491555555,,51,No Client Group,,12/07/2019,jobactive,,,,8,(BO2626),,,0,Self Service and Job Activity,Commenced,4870,0,5/07/2019,,All Client Types,Stream A,0,MOOROOBOOL,,20,20,19,,
3697490,LORNIE,SATINDER,18/05/2001,,Youth Allowance,Approved,15/07/2019,491555555,,18,No Client Group,,15/07/2019,jobactive,,,,20,(BO2626),,,0,Case Management,Commenced,4870,0,8/07/2019,,All Client Types,Stream A,0,MANOORA,,20,20,19,,
3741080,SHERWIN,KARON,19/04/2001,,,Approved,1/08/2019,491555555,,18,ATSI,,1/08/2019,jobactive,,,,10,(DBXSFP74),,,0,Case Management,Commenced,4868,0,22/07/2019,,All Client Types,Stream B,0,WHITE ROCK,,18,18,17,,
3743940,SLANEY,KARLENE,22/06/1993,,Newstart Allowance,Pending,,491555555,,26,No Client Group,hotel,18/07/2019,jobactive,,,,0,(BO2626),,,0,Self Service and Job Activity,Commenced,4870,0,12/07/2019,,All Client Types,Stream A,0,BUNGALOW,,20,20,19,,
3868910,SEESINK,CONNOR,28/12/2001,,Youth Allowance,Approved,12/08/2019,491555555,,18,No Client Group,,12/08/2019,jobactive,,,,10,(BO2626),,,0,Case Management,Suspended,4868,0,23/07/2019,,All Client Types,Stream A,0,WHITE ROCK,Temporary Incapacity Exemption - Serious Illness,5,18,15,,
3895680,NEIBERDING,CHOL,8/09/1955,,Newstart Allowance,Approved,30/07/2019,491555555,,64,No Client Group,,30/07/2019,jobactive,,,,2,(BO2626),,,0,Self Service and Job Activity,Commenced,4869,0,25/07/2019,,All Client Types,Stream A,0,BENTLEY PARK,,18,18,17,,
3937210,JURAK,RYLAND,21/06/2001,,,Pending,,491555555,,18,No Client Group,,,jobactive,,,,0,(WLJRND85),,,0,Self Service and Job Activity,Pending,4869,0,31/07/2019,,All Client Types,Stream A,0,EDMONTON,,17,17,0,,
3963470,PUCHALSKI,JAHNAVI,15/12/2001,,,No Job Plan,,491555555,,18,ATSI,,,jobactive,,,,0,(DBXSFP74),,,0,Case Management,Pending,4868,0,15/08/2019,,All Client Types,Stream B,0,BAYVIEW HEIGHTS,,15,15,0,,
11980709,EGEBERG,LAVINA,10/07/1974,,Newstart Allowance,Approved,15/01/2019,491555555,,45,Principal Carer Parent,,15/01/2019,jobactive,,,,0,(KL2610),,,0,Self Service and Job Activity,Suspended,4869,0,5/01/2018,,All Client Types,Stream A,0,BENTLEY PARK,Job Seeker Undertaking Part Time Work,5,99,45,,
16503109,STEPANOVSKI,ANASTASIYA,5/02/1956,,Newstart Allowance,Approved,21/08/2019,491555555,,63,No Client Group,,,jobactive,,,,0,(KL2610),,,0,Case Management,Suspended,4868,0,9/08/2017,,All Client Types,Stream B,0,WHITE ROCK,Temporary Reduced Work Capacity,2,120,0,,
17432004,HARMEY,BRIN,28/03/1979,,Newstart Allowance,Approved,11/02/2019,491555555,,40,No Client Group,Driving,11/02/2019,jobactive,,,,8,(BFTDCM93),,,0,Case Management,Suspended,4869,0,8/02/2019,,All Client Types,Stream C,0,EDMONTON,Major Personal Disruption Exemption,19,35,35,,
26254004,MILICIC,HINABEN,16/04/1979,,Parenting Payment Single,Approved,24/04/2019,491555555,,40,ATSI Principal Carer Parent,(G) HSKP /RTL,10/11/2017,jobactive,,,,2,(CW2761),,,0,Case Management,Commenced,4870,0,6/11/2017,,All Client Types,Stream B,0,MOOROOBOOL,,107,107,107,,
29498809,MCCASKIE,SOHEIL,10/11/1959,,Carer Payment,Approved,9/05/2019,91555555,,60,No Client Group,,,jobactive,,,AMBER,0,(GWZCVP49),,,0,Self Service and Job Activity,Pending,4865,0,14/07/2015,,All Client Types,Stream A Volunteer,0,GORDONVALE,Break in Service,186,227,225,,
30882004,PRINDIVILLE,ADDIE,23/03/1971,,Newstart Allowance,Approved,18/07/2019,,,48,No Client Group,,12/06/2019,jobactive,,,,12,(XPZSWK36),,,0,Work for the Dole,Commenced,4868,0,29/05/2019,,All Client Types,Stream A,0,WHITE ROCK,,97,26,24,,
31119409,GORRINGE,VUI,25/07/1963,,Newstart Allowance,Approved,3/07/2019,491555555,,56,No Client Group,,19/02/2018,jobactive,,,,5,(CW2761),,,0,Work for the Dole,Commenced,4868,0,5/01/2018,,All Client Types,Stream B,0,MOUNT SHERIDAN,,83,99,92,,
31266609,THERON,ZOHAR,26/04/1992,,Newstart Allowance,Approved,24/05/2019,491555555,,27,No Client Group,"(O)NoID,LAB",9/04/2019,jobactive,,,,4,(XJKQTP93),,,0,Work for the Dole,Commenced,4870,0,9/04/2019,,All Client Types,Stream C,0,WESTCOURT,,213,223,170,,
38141019,DI MASCIO,OSTOJA,27/11/1964,,Newstart Allowance,Approved,30/08/2019,491555555,,55,No Client Group,"HR, FL, c",13/08/2018,jobactive,,,,0,(XPZSWK36),,,0,Case Management,Commenced,4870,0,10/08/2018,,All Client Types,Stream A,0,REDLYNCH,Temporary Medical Incapacity Exemption,55,57,57,,
38318509,ODENTHAL,CHARIF,14/04/1990,,Newstart Allowance,Approved,10/06/2019,491555555,,29,ATSI,"WC, Lab, Lnd",16/07/2015,jobactive,,,GRN DL,10,(GWZCVP49),,,0,Case Management,Commenced,4870,0,1/07/2015,,All Client Types,Stream B,0,WESTCOURT,,173,192,190,,
38526009,RALLIS,NAKIYA,14/04/1964,,Newstart Allowance,Approved,16/07/2019,491555555,,55,No Client Group,,27/06/2019,jobactive,,,,1,(XJFZTC64),,,0,Work for the Dole,Commenced,4871,0,27/06/2019,,All Client Types,Stream B,0,ALOOMBA,,193,229,21,,
39205019,JOICEY,LIHUI,30/03/1964,,Newstart Allowance,Approved,13/05/2019,70109999,,55,No Client Group,,9/04/2018,jobactive,,,,0,(BFTDCM93),,,0,Work for the Dole,Commenced,4870,0,15/06/2017,,All Client Types,Stream C,0,MOOROOBOOL,,122,125,125,,
40573409,GIOFFRE,PRESLEY,12/06/1986,,Newstart Allowance,Approved,27/11/2018,491555555,,33,No Client Group,,20/11/2017,jobactive,,,,10,(TT3371),,,0,Work for the Dole,Commenced,4869,0,9/08/2016,,All Client Types,Stream B,0,BENTLEY PARK,,153,166,163,,
48462909,CACHIA,JI,11/11/1995,,Newstart Allowance,Approved,8/08/2019,491555555,,24,No Client Group,2ndyrHdresser,27/02/2019,jobactive,,,,15,(JD3304),,,0,Case Management,Commenced,4869,0,31/07/2018,,All Client Types,Stream A,0,EDMONTON,Temporary Medical Incapacity Exemption,53,56,39,,
49790909,LAGALUGA,SON,15/01/1997,,Newstart Allowance,Approved,29/04/2019,491555555,,23,No Client Group,,29/04/2019,jobactive,,,,20,(JD3304),,,0,Case Management,Commenced,4869,0,24/04/2019,,All Client Types,Stream A,0,EDMONTON,,31,31,30,,
52313119,ARRELL,AMOLAK,1/09/1970,,Carer Payment,Approved,14/03/2019,491555555,,49,No Client Group,,,jobactive,,,,8,(XPZSWK36),,,0,Self Service and Job Activity,Pending,4870,0,27/03/2018,,All Client Types,Stream A Volunteer,0,MOOROOBOOL,Break in Service,85,85,84,,
55743509,SPAAN,MANPREET,12/08/1983,,Newstart Allowance,Pending,,******,,36,ATSI,,20/12/2018,jobactive,,,,0,(TT3371),,,0,Case Management,Commenced,4870,0,5/12/2018,,All Client Types,Stream B,0,MOOROOBOOL,,220,51,49,,
57917209,DOKAS,GULSHAN,18/11/1969,,Newstart Allowance,Approved,22/05/2019,70109999,,50,No Client Group,Amb Retail,3/04/2018,jobactive,,,,10,(XPZSWK36),,,0,Work for the Dole,Commenced,4870,0,28/03/2018,,All Client Types,Stream A,0,CAIRNS,,79,87,86,,
58393004,EL SHEIKH,SALWA,27/05/1977,,Newstart Allowance,Approved,28/08/2019,491555555,,42,No Client Group,,28/06/2018,jobactive,,15/01/2020,,8,(XPZSWK36),,IES Exit,0,,Exited,4865,0,27/06/2018,,All Client Types,Stream A,0,GORDONVALE,,62,62,62,,
58772809,BIEHLER,DUSTYN,4/02/1994,,Newstart Allowance,Approved,1/08/2019,491555555,,25,ATSI,Lab Removal Gar,22/10/2018,jobactive,,,Cert III Logis,15,(XJFZTC64),,,0,Case Management,Commenced,4868,0,17/09/2018,,All Client Types,Stream B,0,WOREE,,228,62,57,,
60651109,METAXIOTIS,SHAILENDRA,29/04/1959,,Newstart Allowance,Pending,,491555555,,60,No Client Group,MR WC logis,27/05/2019,jobactive,,,,0,(XJFZTC64),,,0,Case Management,Commenced,4865,0,24/08/2018,,All Client Types,Stream B,0,GOLDSBOROUGH,,27,66,65,,
62493609,DUSZYNSKI,INGRID,13/07/1989,,Newstart Allowance,Approved,8/03/2019,491555555,,30,ATSI Principal Carer Parent,Study,9/01/2017,jobactive,,,,8,(XJFZTC64),,,0,Work for the Dole,Suspended,4868,0,24/08/2016,,All Client Types,Stream B,0,MOUNT SHERIDAN,Temporary Medical Incapacity Exemption,145,169,169,,
63370005,FLYNNE,PEDRO,28/03/1959,,Newstart Allowance,Approved,20/06/2019,70109999,,60,No Client Group,,21/04/2017,jobactive,,,,0,(KL2610),,,0,Case Management,Suspended,4870,0,13/04/2017,,All Client Types,Stream B,0,MOOROOBOOL,Voluntary Work,31,137,136,,
68789809,KOCHER,MAISON,4/02/1994,,Newstart Allowance,Approved,27/06/2019,491555555,,25,No Client Group,Red- No DL,19/02/2018,jobactive,,,,12,(XPZSWK36),,,0,Case Management,Commenced,4868,0,16/02/2018,,All Client Types,Stream A,0,WOREE,,93,93,92,,
69306007,GOODHALL,BOZ,10/04/1963,,Newstart Allowance,Approved,25/06/2019,491555555,,56,No Client Group,Accountant,30/11/2017,jobactive,,,,10,(CW2761),,,0,Case Management,Commenced,4869,0,28/11/2017,,All Client Types,Stream A,0,BENTLEY PARK,,91,91,91,,
72940509,GOR,SOON OK,28/08/1970,,Newstart Allowance,Approved,4/03/2019,******,,49,ATSI Principal Carer Parent,"(G)SUP,HSK,CLN",10/01/2017,jobactive,,,,15,(XJKQTP93),,,0,Work for the Dole,Suspended,4870,0,9/01/2017,,All Client Types,Stream B,0,CAIRNS,Temporary Medical Incapacity Exemption,137,148,148,,
81681709,VAN MOSSEVELD,NEVEEN,15/01/1977,,Parenting Payment Single,Pending,,491555555,,43,ATSI Principal Carer Parent,No EXP N C/L,5/12/2017,jobactive,,,RED DV,0,(GWZCVP49),,,0,Case Management,Commenced,4869,0,13/10/2017,,All Client Types,Stream B,0,EDMONTON,,103,110,102,,
82008509,BEENS,LAN THI,21/02/1990,,Newstart Allowance,Approved,17/05/2019,491555555,,29,ATSI,RJCP,8/03/2018,jobactive,,,,10,(XJFZTC64),,,0,Work for the Dole,Commenced,4870,0,5/02/2018,,All Client Types,Stream B,0,PARRAMATTA PARK,,83,84,80,,
83476909,DE LEUR,LEEROY,19/08/1998,,Youth Allowance,No Job Plan,,491555555,,21,ATSI,,,jobactive,,,,15,(DBXSFP74),,,0,Case Management,Pending,4870,0,16/04/2019,,All Client Types,Stream C,0,CAIRNS,,39,39,38,,
83938709,KNIGHTON,TUAINE,3/03/1994,,Newstart Allowance,Approved,18/07/2019,491555555,,25,No Client Group,,18/07/2019,jobactive,,,,20,(BO2626),,,0,Self Service and Job Activity,Commenced,4868,0,26/06/2019,,All Client Types,Stream A,0,WOREE,,22,22,19,,
85140004,TEMENCZKO,BASILIOS,23/07/1955,,Newstart Allowance,Approved,4/03/2019,491555555,,64,ATSI,FL LR MILL,12/12/2017,jobactive,,,,1,(KL2610),,,0,Work for the Dole,Suspended,4865,0,31/01/2017,,All Client Types,Stream B,0,GORDONVALE,Temporary Incapacity Exemption - Serious Illness,86,147,147,,
86580004,KHEIR,SUHAIL,9/01/1976,,Newstart Allowance,Pending,,491555555,,44,No Client Group,,17/09/2018,jobactive,,,,0,(GWZCVP49),,,0,Case Management,Commenced,4865,0,15/09/2017,,All Client Types,Stream B,0,GORDONVALE,,111,115,114,,
87273509,LEE HONG,BAZ,8/12/1988,,Newstart Allowance,Approved,1/05/2019,491555555,,31,No Client Group,RED no DL,14/05/2018,jobactive,,,,20,(XPZSWK36),,,0,Work for the Dole,Commenced,4865,0,19/04/2018,,All Client Types,Stream A,0,GORDONVALE,,84,84,82,,
88077809,PERRIER,MAMUN,1/05/1993,,Newstart Allowance,Approved,25/06/2019,491555555,,26,ATSI,Security,6/06/2017,jobactive,,,,15,(XPZSWK36),,,0,Work for the Dole,Commenced,4870,0,5/06/2017,,All Client Types,Stream A,0,WHITFIELD,,126,126,125,,
89905004,NEISH,MERISA,21/02/1962,,Newstart Allowance,Approved,27/02/2019,491555555,,57,No Client Group,JS SUS DNC,21/02/2017,jobactive,,,,0,(BO2626),,,0,Self Service and Job Activity,Suspended,4868,0,17/02/2017,,All Client Types,Stream A,0,WHITE ROCK,Voluntary Work,5,145,144,,
91861009,MAHANGA,MADOL,1/10/1976,,Newstart Allowance,Approved,21/05/2019,491555555,,43,No Client Group,,21/05/2019,jobactive,,,,15,(XPZSWK36),,,0,Self Service and Job Activity,Commenced,4870,0,16/05/2019,,All Client Types,Stream A,0,CAIRNS,,27,27,27,,
98084004,SCALLAN,JACKIE,14/03/1979,,Carer Payment,Approved,8/08/2019,491555555,,40,No Client Group,DL. QL Painter,8/08/2019,jobactive,,14/11/2019,,12,(BO2626),,Job seeker is no longer considered FEP,0,,Exited,4869,0,25/07/2019,,All Client Types,Stream A,0,BENTLEY PARK,,0,0,0,,
102281004,LITTMANN,SEAN,13/07/1977,,Newstart Allowance,Approved,19/05/2017,491555555,,42,Principal Carer Parent,,25/06/2018,jobactive,,,,4,(KL2610),,,0,Work for the Dole,Suspended,4871,0,18/05/2016,,All Client Types,Stream C,0,ALOOMBA,Temporary Medical Incapacity Exemption,111,184,175,,
112094709,DRAGER,SAEEDA,4/02/1993,,Newstart Allowance,Approved,13/08/2019,491555555,,26,No Client Group,,2/01/2018,jobactive,,,,0,(KL2610),,,0,Case Management,Suspended,4870,0,26/04/2017,,All Client Types,Stream B,0,EARLVILLE,Temporary Reduced Work Capacity,83,135,132,,
112511119,MONCK,KARLE,27/05/2000,,Youth Allowance,Approved,30/08/2019,491555555,,19,ATSI,,16/08/2019,jobactive,,,,16,(DBXSFP74),,,0,Case Management,Commenced,4869,0,17/05/2018,,All Client Types,Stream B,0,BENTLEY PARK,,96,98,64,,
112550004,PUMPA,DEVON,24/02/1961,,,Approved,19/03/2019,491555555,,58,ATSI,,,jobactive,,,,8,(JD3304),,,0,Self Service and Job Activity,Pending,4868,0,18/03/2019,,All Client Types,Stream A Volunteer,0,WOREE,,36,36,36,,
113480019,YAZBECK,SHIDA,24/07/1998,,Youth Allowance,Approved,27/05/2019,491555555,,21,No Client Group,Hosp Barristsa,5/06/2018,jobactive,Yes,,,0,(CW2761),,,0,Work for the Dole,Commenced,4869,0,23/01/2018,,All Client Types,Stream B,0,EDMONTON,,96,96,96,,
114942004,EISEMAN,AMY-MAREE,18/05/1973,,ABSTUDY - Secondary/Tertiary,No Job Plan,,491555555,,46,ATSI,,,jobactive,,,,2,(TT3371),,,0,Case Management,Pending,4870,0,20/08/2019,,All Client Types,Stream B,0,BUNGALOW,,14,14,0,,
119235209,KINGSMILL,RACE,31/08/1985,,,Approved,27/06/2019,491555555,,34,No Client Group,,16/08/2017,jobactive,,18/12/2019,,0,(JD3304),,IES Exit,0,,Exited,4869,0,16/08/2017,,All Client Types,Stream A,0,EDMONTON,,116,116,116,,
123237709,COSIMI,KALLE,1/01/1982,,Newstart Allowance,Approved,6/06/2019,491555555,,38,No Client Group,,20/05/2019,jobactive,,,,2,(KL2610),,,0,Case Management,Suspended,4870,0,20/05/2019,,All Client Types,Stream C,0,WESTCOURT,Temporary Reduced Work Capacity,192,165,27,,
127234009,MALAM,TIANNAH,13/03/1979,,,Approved,13/02/2019,491555555,,40,ATSI Principal Carer Parent,Cleaning No C/L,31/07/2017,jobactive,,18/12/2019,AMBER - MED ISS,8,(GWZCVP49),,Reason not Displayed,0,,Exited,4870,0,27/07/2017,,All Client Types,Stream B,0,MANOORA,,116,117,116,,
132090509,ZAHNER,WADE,22/02/1967,,Newstart Allowance,Approved,12/07/2019,491555555,,52,Principal Carer Parent,,5/08/2015,jobactive,,,,0,(KL2610),,,0,Work for the Dole,Commenced,4870,0,1/07/2015,,All Client Types,Stream B,0,EARLVILLE,,178,230,225,,
145368209,I'ANSON,COLLIS,25/10/1978,,,Approved,30/08/2018,491555555,,41,No Client Group,,13/11/2018,jobactive,,20/12/2019,,10,(GWZCVP49),,Reason not Displayed,0,,Exited,5481,0,4/01/2018,,All Client Types,Stream B,0,WIRRABARA,,99,99,97,,
149182409,PEADON,HAMILTON,15/05/1958,,,Approved,2/07/2019,491555555,,61,No Client Group,HR,2/07/2019,jobactive,,,,12,(BO2626),,,0,Self Service and Job Activity,Commenced,812,0,1/07/2019,,All Client Types,Stream A,0,MARRARA,,21,21,21,,
151593004,VAN RYT,HEAN,19/06/1972,,Newstart Allowance,Approved,22/07/2019,491555555,,47,No Client Group,FL SB PB EWP,25/01/2017,jobactive,,,,2,(TT3371),,,0,Case Management,Suspended,4870,0,1/07/2015,,All Client Types,Stream B,0,MANOORA,Temporary Medical Incapacity Exemption,166,219,208,,
152142003,HADENFELDT,SAWYER,10/08/1978,,Newstart Allowance,No Job Plan,,491555555,,41,No Client Group,,,jobactive,,,,0,(XJKQTP93),,,0,Case Management,Pending,4870,0,19/03/2019,,All Client Types,Stream C,0,MANOORA,,66,158,0,,
154830001,FILI,PATRIZIA,4/05/1954,,Newstart Allowance,Pending,,491555555,,65,No Client Group,,,jobactive,,,,0,(KL2610),,,0,Self Service and Job Activity,Suspended,4865,0,15/07/2019,,All Client Types,Stream A,0,GORDONVALE,Voluntary Work,4,19,0,,
155248509,BETTINI,JAISON,15/12/1987,,Newstart Allowance,Approved,29/04/2019,491555555,,32,Principal Carer Parent,,29/04/2019,jobactive,,20/12/2019,,20,(JD3304),,IES Exit,0,,Exited,5481,0,24/04/2019,,All Client Types,Stream A,0,WIRRABARA,,31,31,30,,
160772409,RAO,MIKAELE,9/09/1963,,Newstart Allowance,Pending,,491555555,,56,No Client Group,,,jobactive,,,,0,(WLJRND85),,,0,Self Service and Job Activity,Pending,4870,0,18/06/2019,,All Client Types,Stream A,0,MOOROOBOOL,,23,23,0,,
162451119,VAN BERGEN,KERYN,4/09/2001,,Youth Allowance,Pending,,491555555,,18,Vulnerable Youth,,7/06/2019,jobactive,Yes,,,9,(DBXSFP74),,,0,Case Management,Commenced,4870,0,24/05/2019,,All Client Types,Stream B,0,MANUNDA,,37,27,25,,
163435309,FILOSI,DESMOND,27/07/1958,,Newstart Allowance,Pending,,491555555,,61,No Client Group,JS SUS 21.5.18,23/06/2017,jobactive,,,,0,(KL2610),,,0,Case Management,Suspended,4869,0,31/08/2016,,All Client Types,Stream C,0,EDMONTON,Claiming DSP Exemption,53,169,169,,
164196209,MASANGKAY,ERLINA,31/03/1985,,Newstart Allowance,Pending,,491555555,,34,No Client Group,(O) parts intrp,11/05/2017,jobactive,,,,0,(XJFZTC64),,,0,Work for the Dole,Commenced,4870,0,1/07/2015,,All Client Types,Stream B,0,MANUNDA,,228,230,225,,
174583004,PHIZACKLEA,CHANDRALATHA,31/01/1978,,,Pending,,491555555,,41,No Client Group,CarDetCustServ,18/01/2019,jobactive,,,,0,(XPZSWK36),,,35,Case Management,Commenced,4870,0,17/01/2019,,All Client Types,Stream A,0,KANIMBLA,,43,43,43,,
177767003,PAXEVANOS,MAHER,1/12/1979,,Newstart Allowance,Approved,16/05/2019,491555555,,40,No Client Group,Security,5/02/2018,jobactive,,,,0,(JD3304),,,85,Work for the Dole,Commenced,4870,0,16/08/2017,,All Client Types,Stream A,0,CAIRNS,,101,101,93,,
178508003,URSINO,KIRSTINA,4/04/1977,,Newstart Allowance,Approved,25/07/2018,491555555,,42,No Client Group,DL RSA RET HOSP,24/07/2015,jobactive,,,AMBER No CAR,10,(GWZCVP49),,,219,Case Management,Commenced,4870,0,1/07/2015,,All Client Types,Stream B,0,MANUNDA,,230,230,227,,
182311004,PLEWRIGHT,DUC,23/12/1975,,Newstart Allowance,Approved,4/04/2019,491555555,,44,ATSI Principal Carer Parent,"G,CL/OT,INDISUP",5/03/2018,jobactive,,,SUS,10,(XJKQTP93),,,53,Case Management,Commenced,4869,0,2/03/2018,,All Client Types,Stream B,0,EDMONTON,,61,91,90,,
185560008,BLADON,SUSSANE,25/05/1975,,Newstart Allowance,Approved,6/06/2019,491555555,,44,ATSI,AAR met,16/07/2015,jobactive,,,Wkg Mookai Rose,10,(XJFZTC64),,,138,Case Management,Commenced,4869,0,1/07/2015,,All Client Types,Stream B,0,BENTLEY PARK,,148,229,227,,
186506019,BLOCK,ARY,9/05/1999,,Youth Allowance,Approved,16/05/2019,491555555,,20,No Client Group,KH RSA RSG,11/05/2017,jobactive,,,,20,(JD3304),,,105,Case Management,Commenced,4870,0,24/04/2017,,All Client Types,Stream A,0,MOOROOBOOL,,116,135,133,,
190354004,HEMSWORTH,NGOC MAI,13/12/1979,,Parenting Payment Single,No Job Plan,,491555555,,40,ATSI Principal Carer Parent,,30/07/2019,jobactive,,,,10,(GWZCVP49),,,41,Case Management,Commenced,4865,0,24/07/2019,,All Client Types,Stream B,0,GORDONVALE,,49,53,17,,
192331209,SHIMELD,CAMERON,4/02/1983,,Newstart Allowance,Approved,23/05/2019,******,,36,No Client Group,,23/05/2019,jobactive,,,,1,(TT3371),,,19,Case Management,Commenced,4870,0,1/05/2018,,All Client Types,Stream B,0,MANOORA,,76,76,76,,
195407209,MELDON,JONITA,7/09/1984,,Newstart Allowance,Approved,29/07/2019,491555555,,35,ATSI,grn HSK Hos DL,1/04/2019,jobactive,,,,10,(XPZSWK36),,,26,Self Service and Job Activity,Commenced,4870,0,28/03/2019,,All Client Types,Stream A,0,EARLVILLE,,35,35,34,,
195513509,SHERBURN,FARRUKH,15/12/1988,,Newstart Allowance,Approved,11/04/2019,******,,31,No Client Group,DL/ TA/ WC,11/04/2019,jobactive,,,,15,(XPZSWK36),,,25,Self Service and Job Activity,Commenced,4868,0,10/04/2019,,All Client Types,Stream A,0,WOREE,,33,33,33,,
197855004,NURI,EWAN,4/08/1977,,Newstart Allowance,Approved,4/06/2019,491555555,,42,ATSI,,4/06/2019,jobactive,,,,20,(GWZCVP49),,,15,Case Management,Commenced,4870,0,22/05/2019,,All Client Types,Stream B,0,MANOORA,,40,27,25,,
201882209,MIHAIL,KYNAN,1/07/1983,,Newstart Allowance,Approved,2/05/2019,******,,36,ATSI,Flift T/C Lab,5/10/2017,jobactive,,,WKG AMBER,1,(GWZCVP49),,,103,Case Management,Commenced,4869,0,25/09/2017,,All Client Types,Stream B,0,EDMONTON,,111,113,112,,
203618509,KLOTZ,JUMANA,3/09/1966,,Newstart Allowance,Approved,26/09/2018,491555555,,53,No Client Group,,,jobactive,,,medical issues,0,(BFTDCM93),,,0,Case Management,Pending,4868,0,29/05/2017,,All Client Types,Stream C,0,WOREE,,62,130,130,,
215629609,DELLAWAY,TAQI,2/11/1972,,Newstart Allowance,Approved,7/03/2019,491555555,,47,No Client Group,,7/03/2019,jobactive,,,,12,(BO2626),,,16,Self Service and Job Activity,Commenced,4870,0,5/03/2019,,All Client Types,Stream A,0,EARLVILLE,,25,34,34,,
217459409,TANUKU,SUPAWADEE,24/11/1986,,Newstart Allowance,Approved,15/08/2019,491555555,,33,No Client Group,,15/08/2019,jobactive,,,,15,(GWZCVP49),,,7,Case Management,Commenced,4870,0,2/02/2018,,All Client Types,Stream B,0,MOOROOBOOL,,95,95,92,,
219862007,BENAVIDEZ,KAMRUN,20/10/1976,,Newstart Allowance,Approved,6/08/2019,491555555,,43,ATSI,,30/07/2019,jobactive,,,,10,(BFTDCM93),,,169,Work for the Dole,Commenced,4868,0,26/07/2019,,All Client Types,Stream B,0,WOREE,,219,194,17,,
223547009,PRESTIANNI,ZERA,10/04/1967,,Newstart Allowance,No Job Plan,,491555555,,52,No Client Group,,,jobactive,,,,20,(WLJRND85),,,0,Self Service and Job Activity,Pending,4870,0,23/07/2019,,All Client Types,Stream A,0,EARLVILLE,,17,17,0,,
223820509,PSIHARIS,GREGGORY,19/04/1956,,,Approved,12/09/2018,491555555,,63,No Client Group,,,jobactive,,,,0,(WLJRND85),,,0,Self Service and Job Activity,Pending,4869,0,31/03/2017,,All Client Types,Stream A Volunteer,0,EDMONTON,,127,127,110,,
229071019,MORET,RAGHBIR,21/10/1998,,Youth Allowance,Approved,16/11/2018,491555555,,21,No Client Group,,13/02/2017,jobactive,,,,5,(DBXSFP74),,,119,Work for the Dole,Suspended,4868,0,9/02/2017,,All Client Types,Stream B,0,BAYVIEW HEIGHTS,Other Special Circumstances Exemption,119,138,137,,
234192004,DARRAGH,RHETT,20/02/1977,,Newstart Allowance,Approved,10/05/2019,491555555,,42,Principal Carer Parent,(R)MENTALHEALTH,10/05/2019,jobactive,,,,4,(XJKQTP93),,,14,Case Management,Suspended,4871,0,1/05/2019,,All Client Types,Stream C,0,EAST TRINITY,Major Personal Crisis Exemption,37,69,29,,
235802909,OVERALL,GUOQIANG,28/05/1997,,Newstart Allowance,Approved,12/06/2019,491555555,,22,No Client Group,,13/03/2019,jobactive,,,,10,(DBXSFP74),,,50,Case Management,Suspended,4861,0,23/07/2018,,All Client Types,Stream B,0,EAST RUSSELL,Temporary Medical Incapacity Exemption,51,69,67,,
239980909,BOLLMAN,INGER,9/08/1960,,Newstart Allowance,No Job Plan,,******,,59,ATSI,*DNC* - 10.8.17,,jobactive,,,,0,(KL2610),,,0,Case Management,Suspended,4870,0,1/07/2015,,All Client Types,Stream B,0,WESTCOURT,Foster Carer Exemption,4,230,0,,
246702809,MORRISBY,TENDAI,6/01/1957,,Newstart Allowance,Pending,,491555555,,63,No Client Group,(O)WRK,21/07/2015,jobactive,,,WRK,0,(KL2610),,,29,Work for the Dole,Commenced,4868,0,1/07/2015,,All Client Types,Stream B,0,MOUNT SHERIDAN,,40,230,227,,
251901019,KARAM,CARMENCITA,4/01/1997,,Newstart Allowance,Approved,4/02/2019,491555555,,23,ATSI Principal Carer Parent,,25/10/2018,jobactive,,,,5,(DBXSFP74),,,218,Work for the Dole,Commenced,4869,0,9/10/2018,,All Client Types,Stream B,0,BENTLEY PARK,,230,59,57,,
258984004,KAZ,AMRINDER,15/08/1972,,Newstart Allowance,Approved,31/07/2018,491555555,,47,No Client Group,,31/07/2018,jobactive,,,,5,(XJFZTC64),,,23,Case Management,Commenced,4870,0,6/07/2016,,All Client Types,Stream B,0,MOOROOBOOL,,128,162,152,,
259756909,MUTLUOL,SOBIA,9/06/1954,,Newstart Allowance,Approved,30/06/2017,70109999,,65,No Client Group,SUS 17.06.19,,jobactive,,,,0,(KL2610),,,0,Case Management,Suspended,4870,0,29/06/2016,,All Client Types,Stream B,0,MOOROOBOOL,Voluntary Work,11,167,4,,
259817809,MURRIHY,KAYLEE,1/05/1996,,Newstart Allowance,No Job Plan,,491555555,,23,No Client Group,Grn DL support,21/11/2018,jobactive,,,,15,(XPZSWK36),,,104,Case Management,Commenced,4870,0,21/11/2018,,All Client Types,Stream A,0,MOOROOBOOL,,115,115,53,,
260837019,ABBOTTSMITH,ZACKERY,1/10/1970,,Newstart Allowance,Approved,26/08/2019,491555555,,49,No Client Group,,14/03/2018,jobactive,,,,5,(CW2761),,,91,Case Management,Commenced,4869,0,2/03/2018,,All Client Types,Stream A,0,BENTLEY PARK,,99,91,89,,
263665809,MAMMINO,CAIRO,7/08/1981,,Newstart Allowance,Approved,27/06/2019,491555555,,38,No Client Group,,27/06/2019,jobactive,,,,8,(GWZCVP49),,,7,Case Management,Suspended,4870,0,13/06/2019,,All Client Types,Stream B,0,MANUNDA,Temporary Medical Incapacity Exemption,9,24,22,,
266686809,WREGHITT,ZEPHYR,11/11/1996,,,Pending,,491555555,,23,ATSI,"lab, WC, DL",13/02/2018,jobactive,,,Green,0,(DBXSFP74),,,60,Work for the Dole,Commenced,4868,0,19/01/2018,,All Client Types,Stream B,0,BAYVIEW HEIGHTS,,72,75,71,,
272246809,KREUZER,AZIZOLLAH,27/04/1954,,Newstart Allowance,Approved,23/05/2019,491555555,,65,No Client Group,O,18/10/2017,jobactive,,,,0,(TT3371),,,102,Case Management,Commenced,4865,0,26/05/2017,,All Client Types,Stream B,0,GORDONVALE,,131,131,130,,
274846309,GARNICA,FIA,15/09/1986,,Newstart Allowance,Pending,,491555555,,33,ATSI,,,jobactive,,,,0,(BFTDCM93),,,0,Case Management,Suspended,4870,0,22/07/2019,,All Client Types,Stream B,0,BRINSMEAD,Other Special Circumstances Exemption,3,18,0,,
276897809,COCKER,BIKASH,17/08/1993,,Newstart Allowance,Approved,9/07/2019,******,,26,No Client Group,DL - GRN,12/06/2018,jobactive,,,,10,(CW2761),,,68,Work for the Dole,Commenced,4869,0,7/06/2018,,All Client Types,Stream A,0,EDMONTON,,77,77,76,,
280711909,NKRUMAH,ALLYCIA,20/01/1994,,Newstart Allowance,Approved,4/07/2019,491555555,,26,ATSI,,13/06/2017,jobactive,,,,8,(TT3371),,,193,Case Management,Commenced,4870,0,13/06/2017,,All Client Types,Stream B,0,MANOORA,,204,222,128,,
288925609,FERASET,YEN,27/11/1972,,Newstart Allowance,Pending,,491555555,,47,No Client Group,AG CARE/ CMTSVR,30/07/2015,jobactive,,,,0,(GWZCVP49),,,214,Work for the Dole,Commenced,4865,0,27/07/2015,,All Client Types,Stream B,0,GORDONVALE,,226,223,222,,
290984109,CLITHEROE,COSKUN,22/06/1979,,Newstart Allowance,Approved,22/02/2019,491555555,,40,No Client Group,"Amb, hospo",12/03/2018,jobactive,,,,10,(XPZSWK36),,,81,Work for the Dole,Commenced,4869,0,9/03/2018,,All Client Types,Stream A,0,EDMONTON,,90,90,89,,
294643409,DE BARTOLO,VASKO,10/04/1986,,Carer Payment,Approved,1/10/2019,491555555,,33,ATSI,,25/03/2019,jobactive,,6/11/2019,,10,(JD3304),,Job seeker is no longer considered FEP,27,,Exited,4870,0,21/03/2019,,All Client Types,Stream A,0,EARLVILLE,,32,32,32,,
300486409,FEASEY,YEE LING,2/09/1965,,Newstart Allowance,No Job Plan,,******,,54,ATSI,,,jobactive,,,,8,(GWZCVP49),,,156,Work for the Dole,Pending,4869,0,16/08/2019,,All Client Types,Stream B,0,EDMONTON,,171,15,0,,
301766019,FENNELL,MONIC,17/12/1998,,Youth Allowance,Approved,19/10/2018,491555555,,21,No Client Group,RetHosp,18/05/2018,jobactive,,,,12,(JD3304),,,72,Work for the Dole,Commenced,4869,0,17/05/2018,,All Client Types,Stream A,0,BENTLEY PARK,,80,80,80,,
309848509,FARINOLA,MAX,14/07/1988,,Newstart Allowance,Approved,20/08/2019,491555555,,31,ATSI,,28/06/2019,jobactive,,,,8,(XJFZTC64),,,28,Case Management,Commenced,4870,0,4/03/2019,,All Client Types,Stream B,0,EARLVILLE,,36,36,22,,
